title,url,publishedAt
Tesla to raise another $5bn by selling shares,https://www.theguardian.com/technology/2020/dec/08/tesla-shares-p-500-index-stock-price,2020-12-08T15:09:32Z
Elon Musk: I tried to sell Tesla to Apple,https://www.theguardian.com/technology/2020/dec/23/elon-musk-i-tried-to-sell-tesla-to-apple,2020-12-23T02:08:36Z
Tesla joins Wall Street's S&P 500 share index,https://www.theguardian.com/technology/2020/dec/21/tesla-joins-wall-streets-sp-500-share-index,2020-12-21T16:56:00Z
Tesla investor defends electric carmaker's soaring share price,https://www.theguardian.com/technology/2020/nov/06/tesla-investor-defends-electric-carmakers-soaring-share-price,2020-11-06T12:24:55Z
Tesla review – sparky biopic of the inventor,https://www.theguardian.com/film/2020/sep/20/tesla-review-nikola-tesla-inventor-biopic-ethan-hawke-eve-hewson-michael-almereyda,2020-09-20T10:00:43Z
Can Tesla justify a $300bn valuation?,https://www.theguardian.com/technology/2020/jul/18/tesla-valuation-elon-musk-profit,2020-07-18T07:00:14Z
Electrifying returns: Scottish firm makes £13bn from Tesla shares,https://www.theguardian.com/money/2020/sep/11/scottish-firm-investing-in-tesla-baillie-gifford,2020-09-11T13:27:44Z
Victoria plans 300MW Tesla battery to help stabilise grid as renewables increase,https://www.theguardian.com/australia-news/2020/nov/05/victoria-plans-300mw-tesla-battery-to-help-stabilise-grid-as-renewables-increase,2020-11-05T02:38:24Z
A £4bn UK 'mini Tesla' choosing to list stock in US is worrying,https://www.theguardian.com/business/nils-pratley-on-finance/2020/nov/18/a-4bn-uk-mini-tesla-choosing-to-list-stock-in-us-is-worrying,2020-11-18T19:40:43Z
Elon Musk set to be world's third-richest person as Tesla shares soar,https://www.theguardian.com/technology/2020/nov/17/elon-musk-tesla-shares-facebook-mark-zuckerberg-s-p500,2020-11-17T12:13:40Z
Elon Musk becomes world's fourth richest man on Tesla boom,https://www.theguardian.com/business/2020/aug/19/elon-musk-becomes-worlds-fourth-richest-man-on-tesla-boom,2020-08-19T17:28:39Z
Tesla review – portrait of an inventor out of step with his time,https://www.theguardian.com/film/2020/sep/18/tesla-review-inventor-ethan-hawke-kyle-maclachlan-michael-almereyda,2020-09-18T07:00:20Z
Tesla driver found asleep at wheel of self-driving car doing 150km/h,https://www.theguardian.com/world/2020/sep/17/canada-tesla-driver-alberta-highway-speeding,2020-09-17T16:45:52Z
Tesla becomes world's most valuable carmaker without making a profit,https://www.theguardian.com/technology/2020/jul/01/tesla-becomes-worlds-most-valuable-carmaker-without-making-a-profit,2020-07-01T17:42:18Z
Tesla hits milestone in reporting a profit for its fourth straight quarter,https://www.theguardian.com/technology/2020/jul/22/tesla-profit-shares-fourth-quarter,2020-07-22T22:38:08Z
Tesla shareholders urged to oust Elon Musk over $55bn pay deal,https://www.theguardian.com/business/2020/jun/30/tesla-shareholders-urged-to-oust-elon-musk-over-55bn-pay-deal,2020-06-30T20:22:23Z
Even die-hard fans must be wondering if Tesla stock is moving too fast | Nils Pratley,https://www.theguardian.com/technology/nils-pratley-on-finance/2020/sep/01/even-die-hard-fans-must-be-wondering-if-tesla-stock-is-moving-too-fast,2020-09-01T18:47:42Z
Business lobby group and corporations back Zali Steggall’s 2050 net zero target bill,https://www.theguardian.com/australia-news/2020/dec/18/business-lobby-group-and-corporations-back-zali-steggalls-2050-net-zero-target-bill,2020-12-17T16:30:04Z
Tesla aims to raise $5bn in its biggest issue of new stock in a decade,https://www.theguardian.com/technology/2020/sep/01/tesla-aims-to-raise-5bn-in-its-biggest-issue-of-new-stock-in-a-decade,2020-09-01T16:06:36Z
Elon Musk overtakes Bill Gates to become world's second-richest person,https://www.theguardian.com/technology/2020/nov/24/elon-musk-bill-gates-tesla-share-price-microsoft,2020-11-24T08:10:12Z
Elon Musk reopens California Tesla factory in defiance of lockdown order,https://www.theguardian.com/technology/2020/may/11/tesla-factory-reopening-elon-musk-california-lockdown,2020-05-11T21:35:55Z
Elon Musk v public health: a timeline of the Tesla factory standoff,https://www.theguardian.com/technology/2020/may/12/elon-musk-tesla-reopening-lockdown-timeline,2020-05-13T18:05:56Z
Sober investors hope to get a buzz from Tesla’s 'battery day',https://www.theguardian.com/technology/2020/sep/20/sober-investors-hope-to-get-a-buzz-from-teslas-battery-day,2020-09-20T08:03:40Z
"Tesla workers’ unemployment may be suspended if they don't return, emails show",https://www.theguardian.com/technology/2020/may/12/tesla-workers-unemployment-benefits-emails,2020-05-12T16:01:47Z
Guardian business Christmas quiz 2020,https://www.theguardian.com/business/2020/dec/11/guardian-business-christmas-quiz-2020,2020-12-11T09:00:52Z
Germans divided over plans for Tesla electric car factory,https://www.theguardian.com/world/2020/feb/19/germans-divided-plans-tesla-electric-car-factory-environmentalists-tree-felling,2020-02-19T15:53:01Z
Elon Musk says he has moved from California to Texas,https://www.theguardian.com/technology/2020/dec/08/elon-musk-tesla-california-texas,2020-12-08T21:30:04Z
Elon Musk downplays coronavirus as Tesla factory stays open amid crisis,https://www.theguardian.com/technology/2020/mar/19/elon-musk-coronavirus-tesla-factory-california,2020-03-20T00:38:53Z
Elon Musk rails against 'fascist' shelter-in-place orders in Tesla earnings call,https://www.theguardian.com/technology/2020/apr/29/tesla-quarterly-earnings-coronavirus-shares,2020-04-30T00:37:45Z
Bentley is leading the charge to batteries. British carmakers must join it,https://www.theguardian.com/business/2020/nov/08/bentley-is-leading-the-charge-to-batteries-british-carmakers-must-join-it,2020-11-08T07:00:32Z
Ten billionaires reap $400bn boost to wealth during pandemic,https://www.theguardian.com/technology/2020/dec/19/ten-billionaires-reap-400bn-boost-to-wealth-during-pandemic,2020-12-19T16:00:52Z
Nasdaq drops over 4% as tech sector sell-off continues,https://www.theguardian.com/technology/2020/sep/08/tesla-shares-fell-us-stock-markets,2020-09-08T20:18:34Z
"New lockdown, same economic victims: young, low-paid workers",https://www.theguardian.com/business/2020/nov/03/new-lockdown-same-economic-victims-young-low-paid-workers,2020-11-03T18:17:07Z
Tesla's stock split is likely to send the share price even higher | Patrick Collinson,https://www.theguardian.com/technology/2020/aug/12/teslas-stock-split-is-likely-to-send-the-share-price-even-higher,2020-08-12T22:05:12Z
"Tesla driver who died in 'autopilot' crash was playing on phone, inquiry finds",https://www.theguardian.com/technology/2020/feb/25/tesla-driver-autopilot-crash,2020-02-26T15:51:20Z
Tesla shares soar 40% after analyst says firm’s value could hit $1.3tn,https://www.theguardian.com/technology/2020/feb/04/tesla-shares-soar-40-after-analyst-says-firms-value-could-hit-13tn,2020-02-04T19:48:34Z
Uber ditches effort to develop own self-driving car,https://www.theguardian.com/technology/2020/dec/08/uber-self-driving-car-aurora,2020-12-08T10:32:06Z
France launches €100bn stimulus plan to drive Covid-19 recovery - business live,https://www.theguardian.com/business/live/2020/sep/03/france-100bn-stimulus-service-sector-stock-markets-us-unemployment-business-live,2020-09-03T20:30:06Z
Wednesday briefing: Covid propels tycoons to further riches,https://www.theguardian.com/world/2020/oct/07/wednesday-briefing-covid-propels-tycoons-to-further-riches,2020-10-07T05:33:42Z
Elon Musk set to cash in at Tesla as deliveries and shares soar,https://www.theguardian.com/technology/2020/jan/18/elon-musk-tesla-fifty-billion-dollar-pay-package-shares-soar,2020-01-18T16:00:32Z
"EasyJet should navigate financial pressures, but clouds haven't cleared yet",https://www.theguardian.com/business/nils-pratley-on-finance/2020/nov/17/easyjet-should-navigate-financial-pressures-but-clouds-havent-cleared-yet,2020-11-17T19:59:17Z
"Tesla shares surge and company says it expects to sell 500,000 cars in 2020",https://www.theguardian.com/technology/2020/jan/29/tesla-shares-surge-profit,2020-01-29T22:35:58Z
Elon Musk tweets protest against US coronavirus lockdown,https://www.theguardian.com/technology/2020/apr/29/elon-musk-tweets-protest-against-us-coronavirus-lockdown,2020-04-29T13:20:23Z
Generation Z drivers push for schools to teach with eco-conscious cars,https://www.theguardian.com/us-news/2020/sep/21/generation-z-drivers-push-schools-teach-eco-conscious-cars,2020-09-21T10:00:21Z
"There is hope on the horizon, but high debt hangs over Britain's future",https://www.theguardian.com/business/2020/dec/27/uk-business-debt-corporate-government-borrowing-covid,2020-12-27T07:00:38Z
Pound hit by rising Brexit worries; tech slump drags Nasdaq into correction - as it happened,https://www.theguardian.com/business/live/2020/sep/08/german-exports-trade-stock-markets-growth-halfords-easyjet-business-live,2020-09-08T16:29:35Z
"More than 500,000 full electric cars sold so far this year in Europe",https://www.theguardian.com/business/2020/dec/03/more-than-500000-full-electric-cars-sold-in-europe-in-10-months,2020-12-03T12:48:50Z
Why should Elon Musk look after his own baby? He’s already saving humanity,https://www.theguardian.com/technology/shortcuts/2020/jul/27/elon-musk-parent-baby-saving-humanity-tesla-infant-son,2020-07-27T14:03:29Z
From dogs to baggy trenchcoats: this week’s fashion trends,https://www.theguardian.com/fashion/2020/dec/04/from-dogs-to-baggy-trenchcoats-this-week-fashion-trends,2020-12-04T07:00:53Z
Rishi Sunak needs to urgently rethink his plans to get UK through winter | Nils Pratley,https://www.theguardian.com/business/nils-pratley-on-finance/2020/sep/23/rishi-sunak-needs-to-urgently-rethink-his-plans-to-get-uk-through-winter,2020-09-23T18:40:44Z
UK’s first car battery ‘gigafactory’ to be built by two startups,https://www.theguardian.com/business/2020/may/20/uk-first-car-battery-gigafactory-amte-power-britishvolt,2020-05-20T14:16:20Z
Don't cry to mother if rates freebie comes back to bite,https://www.theguardian.com/business/nils-pratley-on-finance/2020/nov/24/dont-cry-to-mother-if-rates-freebie-comes-back-to-bite,2020-11-24T19:34:30Z
The red letter day for Royal Mail can't last,https://www.theguardian.com/business/nils-pratley-on-finance/2020/sep/08/the-red-letter-day-for-royal-mail-cant-last,2020-09-08T17:57:07Z
'F*ck Elon Musk': Democrat rebukes magnate over coronavirus restrictions row,https://www.theguardian.com/technology/2020/may/10/elon-musk-democrat-rebukes-magnate-tesla-hq-california,2020-05-10T14:41:13Z
Amazon third-quarter earnings soar as pandemic sales triple profits,https://www.theguardian.com/technology/2020/oct/29/amazon-profits-latest-earnings-report-third-quarter-pandemic,2020-10-29T22:16:44Z
Scottish Mortgage won't be too bothered about the Nasdaq's wobble | Nils Pratley,https://www.theguardian.com/business/nils-pratley-on-finance/2020/sep/03/scottish-mortgage-wont-be-too-bothered-about-the-nasdaqs-wobble,2020-09-03T18:50:11Z
Uber sells loss-making flying taxi division to Joby Aviation,https://www.theguardian.com/technology/2020/dec/09/uber-sells-loss-making-flying-taxi-division-to-joby-aviation,2020-12-09T16:23:44Z
Shocking inequality: why San Francisco voted for 'overpaid executive tax',https://www.theguardian.com/business/2020/nov/21/shocking-inequality-why-san-francisco-voted-for-overpaid-executive-tax,2020-11-21T08:30:48Z
Elon Musk on road to $50bn payout as Tesla's value passes $100bn,https://www.theguardian.com/technology/2020/jan/22/elon-musk-on-road-to-50bn-payout-as-teslas-value-passes-100bn,2020-01-22T19:42:45Z
Coronavirus latest: at a glance 10 May,https://www.theguardian.com/world/2020/may/10/coronavirus-latest-at-a-glance,2020-05-10T05:35:01Z
"Electric cars: five best buys, from new models to used bargains",https://www.theguardian.com/money/2020/jul/11/electric-cars-five-best-buys-from-new-models-to-used-bargains,2020-07-11T11:00:10Z
A bubble? The stellar growth of China's e-commerce upstart Pinduoduo,https://www.theguardian.com/business/2020/aug/22/a-bubble-the-stellar-growth-of-china-e-commerce-upstart-pinduoduo,2020-08-22T07:00:21Z
Coronavirus has Elon Musk acting like just another used car salesman,https://www.theguardian.com/technology/2020/may/01/coronavirus-has-elon-musk-acting-like-just-another-used-car-salesman,2020-05-01T10:00:22Z
Electric cars gain market share in Europe despite Covid-19 crisis,https://www.theguardian.com/business/2020/jun/02/electric-carseurope-covid-19-emissions-reductions,2020-06-02T12:07:15Z
Why is Elon Musk telling us to 'take the red pill'?,https://www.theguardian.com/world/shortcuts/2020/may/18/why-is-elon-musk-telling-us-to-take-the-red-pill,2020-05-18T14:39:13Z
"Elon Musk is already walking on air, never mind flying to Mars | Nils Pratley",https://www.theguardian.com/business/nils-pratley-on-finance/2020/feb/04/elon-musk-is-already-walking-on-air-never-mind-flying-to-mars,2020-02-04T20:26:40Z
Neuralink: Elon Musk unveils pig he claims has computer implant in brain,https://www.theguardian.com/technology/2020/aug/28/neuralink-elon-musk-pig-computer-implant,2020-08-29T01:25:33Z
'It's a colony': Why Texas won't take Silicon Valley's crown just yet,https://www.theguardian.com/technology/2020/dec/20/texas-silicon-valley-austin-tech-workers,2020-12-20T11:00:16Z
Elon Musk says college is 'basically for fun and not for learning',https://www.theguardian.com/technology/2020/mar/10/elon-musk-college-for-fun-not-learning,2020-03-10T12:52:56Z
"Doctor Who recap: series 38, episode four – Nikola Tesla’s Night of Terror",https://www.theguardian.com/tv-and-radio/2020/jan/19/doctor-who-recap-series-38-episode-four-nikola-teslas-night-of-terror,2020-01-19T20:00:06Z
America’s corporate elite must stop treating coronavirus as an obstacle to profit | Robert Reich,https://www.theguardian.com/commentisfree/2020/may/17/americas-corporate-elite-must-stop-treating-coronavirus-as-an-obstacle-to-profit,2020-05-17T07:15:53Z
Lilly Wachowski rounds on Ivanka Trump and Elon Musk over Matrix tweets,https://www.theguardian.com/film/2020/may/18/lilly-wachowski-ivana-trump-elon-musk-twitter-red-pill-the-matrix-tweets,2020-05-18T10:33:31Z
"Twitter hack: accounts of prominent figures, including Biden, Musk, Obama, Gates and Kanye compromised",https://www.theguardian.com/technology/2020/jul/15/twitter-elon-musk-joe-biden-hacked-bitcoin,2020-07-16T04:12:05Z
Death! Dancing! Drinking! The best movie moments of 2020,https://www.theguardian.com/film/2020/dec/24/best-movie-moments-of-2020-death-dancing-drinking,2020-12-24T08:17:08Z
CMA seeks to build UK consumer trust in electric car charging,https://www.theguardian.com/business/2020/dec/02/cma-seeks-to-build-consumer-trust-in-electric-car-charging,2020-12-02T11:25:07Z
Global factory growth hits 21-month high; FTSE 100 hits three-month low - as it happened,https://www.theguardian.com/business/live/2020/sep/01/china-factories-growth-covid-19-uk-eurozone-unemployment-brazil-business-live,2020-09-01T15:54:35Z
Corrections and clarifications,https://www.theguardian.com/news/2020/jul/07/corrections-and-clarifications,2020-07-07T20:00:14Z
Electric cars 'as cheap to manufacture' as regular models by 2024,https://www.theguardian.com/environment/2020/oct/21/electric-cars-as-cheap-to-manufacture-as-regular-models-by-2024,2020-10-21T18:04:01Z
"Twenty years after the dotcom crash, is tech’s bubble about to burst again?",https://www.theguardian.com/business/2020/sep/12/twenty-years-after-the-dotcom-crash-is-techs-bubble-about-to-burst-again,2020-09-12T15:00:33Z
How a Dudley museum became a TikTok sensation,https://www.theguardian.com/culture/2020/dec/13/how-a-dudley-museum-became-a-tiktok-sensation,2020-12-13T13:58:27Z
'I've never seen anything like it': 2020 smashes records in global markets,https://www.theguardian.com/business/2020/dec/30/ive-never-seen-anything-like-it-2020-smashes-records-in-global-markets,2020-12-30T06:00:03Z
EU bailout shows the meaning of ‘union’: powerful members helping out the weak,https://www.theguardian.com/business/2020/jul/26/eu-bailout-deal-union-rich-members-helping-poor,2020-07-26T06:00:16Z
Virgin Galactic offers peek inside new space plane for tourists,https://www.theguardian.com/science/2020/jul/29/virgin-galactic-offers-peek-inside-new-space-plane-for-tourists,2020-07-29T04:06:17Z
UK electric vehicle maker Arrival to list on Nasdaq amid surging demand,https://www.theguardian.com/business/2020/nov/18/uk-electric-vehicle-maker-arrival-to-list-on-nasdaq-amid-surging-demand,2020-11-18T15:45:00Z
Coronavirus 10 May: at a glance,https://www.theguardian.com/world/2020/may/10/coronavirus-latest-at-a-glance-may-10,2020-05-10T10:59:34Z
Oligarch's son flies to Russia as mother sues over 'hidden' divorce millions,https://www.theguardian.com/news/2020/dec/02/oligarchs-son-temur-akhmedov-flees-to-russia-mother-sues-over-hiding-divorce-millions,2020-12-02T12:29:05Z
"War, virus, recession … nothing can stop the tech giants from growing",https://www.theguardian.com/business/2020/jan/26/tech-giants-war-virus-recession-nothing-can-stop-growing,2020-01-26T00:05:07Z
"The DNC handed the mic over to women, but why did they shun the Squad? | Arwa Mahdawi",https://www.theguardian.com/commentisfree/2020/aug/22/dnc-democrats-squad-progressives-week-in-patriarchy,2020-08-22T13:00:27Z
What did Prince listen to in the car? This Instagram account may tell you,https://www.theguardian.com/lifeandstyle/2020/oct/08/overheardcelebs-instagram-account-prince-miley-cyrus,2020-10-08T08:00:31Z
Think Like a Dog review – Feds bark as pet wisdom melts into syrup,https://www.theguardian.com/film/2020/jul/02/think-like-a-dog-review-gabriel-bateman,2020-07-02T08:00:47Z
How did the Covid crisis affect your finances in 2020?,https://www.theguardian.com/money/2020/dec/19/covid-crisis-finances-2020,2020-12-19T07:00:43Z
The most exciting movies of 2020 – biopics,https://www.theguardian.com/film/2020/jan/02/the-most-exciting-movies-of-2020-biopics,2020-01-02T16:02:31Z
What is WeChat and why is Trump targeting it?,https://www.theguardian.com/technology/2020/aug/07/what-is-wechat-and-why-is-trump-targeting-it,2020-08-07T07:23:02Z
Tom Cruise space-set film moves closer to reality after adding director,https://www.theguardian.com/film/2020/may/27/tom-cruise-space-film-doug-liman-director-nasa-elon-musk,2020-05-27T10:53:29Z
Elon Musk's new EDM single reviewed – 'Bringing erectile dysfunction to the masses!',https://www.theguardian.com/music/2020/jan/31/elon-musk-edm-artist-first-track-dont-doubt-ur-vibe,2020-01-31T13:04:23Z
First Thing: Surge in new infections in Republican heartlands,https://www.theguardian.com/us-news/2020/may/13/first-thing-surge-in-new-covid-19-infections-in-republican-heartlands,2020-05-13T11:16:24Z
Wednesday briefing: last orders in fight to avoid lockdown,https://www.theguardian.com/world/2020/sep/23/wednesday-briefing-last-orders-in-fight-to-avoid-lockdown,2020-09-23T05:27:21Z
Gold trade body urged to suspend refinery over alleged abuses in Tanzania,https://www.theguardian.com/business/2020/jul/13/gold-trade-body-urged-to-suspend-refinery-over-alleged-abuses-in-tanzania,2020-07-13T12:41:59Z
Wealth of US billionaires rises by nearly a third during pandemic,https://www.theguardian.com/business/2020/sep/17/wealth-of-us-billionaires-rises-by-nearly-a-third-during-pandemic,2020-09-17T17:19:09Z
Trump pardons a cast of controversial characters | First Thing,https://www.theguardian.com/us-news/2020/dec/23/first-thing-trump-pardons-cast-controversial-characters,2020-12-23T10:54:12Z
Sainsbury’s departing singing executive will have hoped for better,https://www.theguardian.com/business/nils-pratley-on-finance/2020/jan/22/sainsburys-mike-coupe-executive,2020-01-22T19:21:08Z
Hybrid BMW can now auto-swap to battery power in London and Birmingham,https://www.theguardian.com/business/2020/aug/07/hybrid-bmw-can-now-auto-swap-to-battery-power-in-london-and-birmingham,2020-08-06T23:01:21Z
Man with ties to 'boogaloo' movement charged with threatening health officer over pandemic,https://www.theguardian.com/us-news/2020/sep/01/boogaloo-movement-man-charged-threatening-health-officer,2020-09-02T00:37:41Z
Elon Musk and Grimes change baby's name: 'Roman numerals look better',https://www.theguardian.com/technology/2020/may/25/elon-musk-grimes-change-baby-name-roman-numerals-look-better,2020-05-25T13:29:40Z
Battery firm chooses Welsh site for Britain's first gigafactory,https://www.theguardian.com/uk-news/2020/jul/17/battery-firm-chooses-welsh-site-for-britains-first-gigafactory,2020-07-17T05:45:06Z
'The countryside is where the radical changes are': Rem Koolhaas goes rural,https://www.theguardian.com/artanddesign/2020/feb/11/rem-koolhaas-rural-countryside-the-future-guggenheim,2020-02-11T16:10:25Z
American firms aren't beholden to America – but that's news to Trump | Robert Reich,https://www.theguardian.com/commentisfree/2020/jan/11/us-china-trump-agreement-tesla-investment,2020-01-11T08:01:00Z
UK regions compete to host  'gigafactory' for electric car batteries,https://www.theguardian.com/uk-news/2020/nov/15/uk-regions-compete-to-be-site-of-gigafactory-for-electric-vehicles,2020-11-15T17:29:57Z
"If the UK doesn’t act now, the car industry will vanish | Phillip Inman",https://www.theguardian.com/business/2020/jan/18/if-the-uk-doesnt-act-now-the-car-industry-will-vanish,2020-01-18T17:00:33Z
Human rights activist 'forced to flee DRC' over child cobalt mining lawsuit,https://www.theguardian.com/global-development/2020/mar/10/human-rights-activist-forced-to-flee-drc-over-child-cobalt-mining-lawsuit,2020-03-10T07:00:26Z
"Coronavirus drives surge in support for unionisation, say games industry activists",https://www.theguardian.com/games/2020/sep/25/coronavirus-drives-surge-in-support-for-unionisation-say-games-industry-activists,2020-09-25T12:30:46Z
Stock markets fall as investors sell off tech stock amid US job fears,https://www.theguardian.com/business/2020/sep/03/stock-markets-tumble-as-investors-sell-off-tech-stock-amid-us-job-fears-coronavirus,2020-09-03T18:45:19Z
"Anohni on her new track R.N.C. 2020: 'It's me, screaming in the past, for the present'",https://www.theguardian.com/music/2020/sep/03/anohni-on-her-new-track-rnc-2020-its-me-screaming-in-the-past-for-the-present,2020-09-03T14:02:44Z
AGL bets on electric vehicles subscription service to boost Australia's uptake,https://www.theguardian.com/australia-news/2020/sep/09/agl-bets-on-electric-vehicles-subscription-service-to-boost-australias-uptake,2020-09-08T21:32:54Z
UK car sales plunge to lowest since 1946 amid coronavirus lockdown,https://www.theguardian.com/business/2020/may/05/uk-car-sales-coronavirus-lockdown-electric-car,2020-05-05T09:59:30Z
The tech execs who don't agree with 'soul-stealing' coronavirus safety measures,https://www.theguardian.com/technology/2020/mar/18/tech-execs-who-dont-agree-coronavirus-measures,2020-03-18T17:02:21Z
Why Boris Johnson's tech vision lacks the support of investors,https://www.theguardian.com/business/nils-pratley-on-finance/2020/sep/10/why-boris-johnson-tech-vision-lacks-the-support-of-investors,2020-09-10T05:00:34Z
Corrections and clarifications,https://www.theguardian.com/news/2020/jan/31/corrections-and-clarifications,2020-01-31T21:00:00Z
Billionaires' wealth rises to $10.2 trillion amid Covid crisis,https://www.theguardian.com/business/2020/oct/07/covid-19-crisis-boosts-the-fortunes-of-worlds-billionaires,2020-10-07T01:01:24Z
Cutting battery industry's reliance on cobalt will be an uphill task,https://www.theguardian.com/environment/2020/jan/05/cutting-cobalt-challenge-battery-industry-electric-cars-congo,2020-01-05T12:54:24Z
Kanye West declares he will run for US president in 2020,https://www.theguardian.com/music/2020/jul/05/kanye-west-declares-he-will-run-for-us-president-in-2020,2020-07-05T03:56:43Z
Reporting on wealth: ‘The virus isn't a leveller. It has made the rich richer’,https://www.theguardian.com/membership/2020/nov/29/wealth-inequality-rich-richer-pandemic,2020-11-29T18:00:34Z
Trump wants America looking at the stars as he drags it through the gutter,https://www.theguardian.com/science/2020/may/30/donald-trump-space-coronavirus-spacex-election,2020-05-30T20:03:04Z
"Home schooling is tough, but parents are doing a fraction of teachers' jobs | Barbara Ellen",https://www.theguardian.com/commentisfree/2020/may/02/home-schooling-is-tough-but-parents-are-doing-a-fraction-of-teachers-jobs,2020-05-02T16:30:27Z
Scientists looking for aliens investigate radio beam 'from nearby star',https://www.theguardian.com/science/2020/dec/18/scientists-looking-for-aliens-investigate-radio-beam-from-nearby-star,2020-12-18T06:00:00Z
US corporations continue sending jobs abroad during pandemic,https://www.theguardian.com/business/2020/sep/12/us-corporations-sending-jobs-abroad-offshoring-pandemic,2020-09-12T09:00:26Z
"'E-highways' could slash UK road freight emissions, says study",https://www.theguardian.com/environment/2020/jul/27/ehighways-could-slash-uk-road-freight-emissions-says-study,2020-07-27T05:00:44Z
"Morning mail: borders close to Sydney hotspot, EU Covid fears, Christmas chaos",https://www.theguardian.com/australia-news/2020/dec/18/morning-mail-borders-close-to-sydney-hotspot-eu-covid-fears-christmas-chaos,2020-12-17T20:13:29Z
Amazon launches spherical Echo and flying camera drone,https://www.theguardian.com/technology/2020/sep/24/amazon-launches-spherical-echo-and-flying-camera-drone,2020-09-24T19:56:03Z
"Kanye West takes anti-vaccine, anti-abortion stance in US presidential bid",https://www.theguardian.com/music/2020/jul/08/kanye-west-takes-anti-vaccine-anti-abortion-stance-in-us-presidential-bid,2020-07-08T10:56:18Z
FTSE 100 and sterling slump amid UK Covid-19 freight blockade – as it happened,https://www.theguardian.com/business/live/2020/dec/21/sterling-ftse-100-pound-uk-ports-freight-coronavirus-pandemic-covid-19-us-stimulus-checks-business-live,2020-12-21T15:07:34Z
Thursday briefing: 'Astonishing failure by government',https://www.theguardian.com/world/2020/jul/23/thursday-briefing-astonishing-failure-by-government,2020-07-23T05:30:43Z
"More government action needed on cyberattacks against Australia, including penalties",https://www.theguardian.com/technology/2020/jul/21/more-government-action-needed-on-cyberattacks-against-australia-including-penalties,2020-07-21T07:06:28Z
Electric vehicle sales triple in Australia despite lack of government support,https://www.theguardian.com/environment/2020/aug/19/electric-vehicle-sales-triple-in-australia-despite-lack-of-government-support,2020-08-18T17:30:29Z
Climate emission killer: construction begins on world’s biggest liquid air battery,https://www.theguardian.com/environment/2020/jun/18/worlds-biggest-liquid-air-battery-starts-construction-in-uk,2020-06-18T07:45:45Z
Richard Branson to sell $500m worth of Virgin Galactic shares,https://www.theguardian.com/business/2020/may/11/richard-branson-to-sell-500m-worth-of-virgin-galactic-shares,2020-05-11T15:05:16Z
Vaccine market rally fades as US retail sales disappoint – as it happened,https://www.theguardian.com/business/live/2020/nov/17/easyjet-loss-covid-19-vaccine-rally-markets-bank-of-england-business-live,2020-11-17T17:29:35Z
Hydrogen fuel bubbles up the agenda as investments rocket,https://www.theguardian.com/environment/2020/jun/28/hydrogen-fuel-bubbles-up-the-agenda-as-investments-rocket,2020-06-28T16:01:22Z
‘Why did it take nine hours to go 130 miles in our new electric Porsche?’,https://www.theguardian.com/money/2020/nov/28/electric-cars-porsche-charging-network,2020-11-28T08:30:02Z
Sinister sounds: podcasts are becoming the new medium of misinformation,https://www.theguardian.com/media/2020/dec/12/sinister-sounds-podcasts-are-becoming-the-new-medium-of-misinformation,2020-12-11T19:00:16Z
Trump bans US transactions with Chinese-owned TikTok and WeChat,https://www.theguardian.com/technology/2020/aug/06/us-senate-tiktok-ban,2020-08-07T01:32:16Z
First Thing: whitewashing US history with 'patriotic education',https://www.theguardian.com/us-news/2020/sep/18/first-thing-whitewashing-us-history-with-patriotic-education,2020-09-18T10:42:06Z
Don't post on Facebook unless you are prepared to face the consequences,https://www.theguardian.com/technology/commentisfree/2020/jul/18/dont-post-on-facebook-unless-you-are-prepared-to-face-the-consequences,2020-07-18T15:00:24Z
"Reporting on Belarus: courage, violence and 'creepers' with cameras",https://www.theguardian.com/world/2020/aug/30/reporting-on-belarus-courage-violence-and-creepers-with-cameras,2020-08-30T17:00:43Z
SpaceX Dragon crew capsule docks at International Space Station,https://www.theguardian.com/science/2020/may/31/nasa-spacex-dragon-crew-capsule-docks-international-space-station,2020-05-31T16:06:44Z
Hollywood comes to the high court for Johnny Depp face-off,https://www.theguardian.com/film/2020/jul/05/hollywood-comes-to-the-high-court-for-johnny-depp-face-off,2020-07-05T07:37:36Z
"Trump fumes as White House staffers test positive and death toll nears 80,000 – as it happened",https://www.theguardian.com/world/live/2020/may/09/coronavirus-us-live-trump-staff-test-positive-death-toll-80000-latest-news-updates,2020-05-09T22:57:48Z
Every major UK and European carmaker to stop or cut production,https://www.theguardian.com/business/2020/mar/20/coronavirus-every-major-uk-and-european-carmaker-to-stop-or-cut-production,2020-03-20T13:25:40Z
Mike and Annie Cannon-Brookes pledge $12m to supply solar systems for disaster relief,https://www.theguardian.com/environment/2020/feb/19/mike-and-annie-cannon-brookes-pledge-12m-to-supply-solar-systems-for-disaster-relief,2020-02-19T07:46:56Z
"Tracks of the week reviewed: Låpsley, Gorillaz, Elon Musk",https://www.theguardian.com/music/2020/feb/07/lapsley-best-track-of-week,2020-02-07T11:00:06Z
"Coronavirus US live: Trump 'spooked' by White House cases as death toll nears 80,000 – as it happened",https://www.theguardian.com/world/live/2020/may/10/coronavirus-us-latest-news-updates-death-toll-donald-trump-russia-anthony-fauci-quarantine,2020-05-10T22:29:52Z
"Not investing in electric car battery production could cost UK 105,000 jobs – study",https://www.theguardian.com/business/2020/mar/15/not-investing-in-electric-car-battery-production-could-cost-uk-105000-jobs-study,2020-03-15T14:37:09Z
Explain it to me quickly: did Elon Musk and Grimes really name their baby X Æ A-12?,https://www.theguardian.com/culture/2020/may/06/explain-it-to-me-quickly-did-elon-musk-and-grimes-really-name-their-baby-x-a-12,2020-05-06T03:14:21Z
"Morning Mail: Trump accused, Warragamba failures, Hanson takes stadium credit",https://www.theguardian.com/australia-news/2020/sep/18/morning-mail-trump-accused-warragamba-failures-hanson-takes-stadium-creit,2020-09-17T20:49:47Z
Bernie? Warren? Which candidate is raking in the most tech industry dollars?,https://www.theguardian.com/us-news/2020/mar/02/election-2020-tech-workers-donations-bernie-sanders,2020-03-02T11:00:41Z
Apple MacBook Air (M1) review: gamechanging speed and battery life,https://www.theguardian.com/technology/2020/dec/09/apple-macbook-air-m1-review-gamechanging-speed-and-battery-life,2020-12-09T07:00:31Z
"Thursday briefing: Trump 'failed to do his job, on purpose'",https://www.theguardian.com/world/2020/sep/10/thursday-briefing-failed-to-do-his-job-on-purpose,2020-09-10T05:33:31Z
UK and US recoveries slow; eurozone 'could fall back into recession' – as it happened,https://www.theguardian.com/business/live/2020/sep/23/uk-eurozone-factories-services-markets-covid-19-ftse-pound-business-live,2020-09-23T16:08:43Z
"Morning mail: hotels 'desperate', home affairs blunder, axe-throwing leagues",https://www.theguardian.com/australia-news/2020/aug/20/morning-mail-hotels-desperate-home-affairs-blunder-axe-throwing-leagues,2020-08-19T21:03:50Z
"'Heads we win, tails you lose': how America's rich have turned pandemic into profit",https://www.theguardian.com/world/2020/apr/26/heads-we-win-tails-you-lose-how-americas-rich-have-turned-pandemic-into-profit,2020-04-26T09:00:10Z
"Dow hits 30,000-point record high as markets welcome Biden transition –as it happened",https://www.theguardian.com/business/live/2020/nov/24/markets-lifted-biden-transition-vaccine-optimism-ftse-dow-oil-confidence-business-live,2020-11-24T21:16:57Z
Lily Cole: ‘We need to be more forgiving’,https://www.theguardian.com/culture/2020/jul/19/lily-cole-fashion-activist-environment-climate-change-interview-we-need-to-be-more-forgiving,2020-07-19T07:00:44Z
Japanese billionaire Yusaku Maezawa seeks 'special woman' for trip around moon,https://www.theguardian.com/science/2020/jan/13/japanese-billionaire-yusaku-maezawa-seeks-special-woman-for-trip-around-moon,2020-01-13T06:38:42Z
TV tonight: Bear Grylls and Brie Larson dodging crocs,https://www.theguardian.com/tv-and-radio/2020/jan/19/tv-tonight-bear-grylls-and-brie-larson-dodging-crocs,2020-01-19T06:00:50Z
Global report: Fauci warns of 'needless death' as WHO urges vigilance in lifting lockdowns,https://www.theguardian.com/world/2020/may/12/who-calls-for-extreme-vigilance-as-antony-fauci-warns-of-needless-suffering-and-death-coronavirus-covid-19,2020-05-12T04:55:05Z
'The big show': US poised to return to human spaceflight with historic launch,https://www.theguardian.com/science/2020/may/26/spacex-nasa-human-space-launch,2020-05-26T10:00:18Z
First Thing: the US bought the world's entire supply of a Covid-19 drug,https://www.theguardian.com/us-news/2020/jul/01/first-thing-the-us-bought-the-worlds-entire-supply-of-a-covid-19-drug,2020-07-01T10:03:02Z
Coronavirus US live: Fauci testifies pandemic is not 'under control' in America – as it happened,https://www.theguardian.com/world/live/2020/may/12/coronavirus-us-live-fauci-testify-danger-reopening-early-trump-tweets-cuomo-latest-news-updates,2020-05-12T23:58:12Z
"Pop star, producer or pariah? The conflicted brilliance of Grimes",https://www.theguardian.com/music/2020/feb/19/pop-star-producer-or-pariah-the-conflicted-brilliance-of-grimes,2020-02-19T14:43:45Z
"Pound rebounds from six-week low, as markets rally - as it happened",https://www.theguardian.com/business/live/2020/sep/09/pound-brexit-stock-markets-astrazeneca-ftse-covid-business-live,2020-09-09T16:07:37Z
Greta Thunberg clashes with US treasury secretary in Davos,https://www.theguardian.com/business/2020/jan/23/greta-thunberg-told-to-study-economics-by-us-treasury-secretary-steven-mnuchin,2020-01-23T18:44:10Z
Andrew Yang drops out of 2020 presidential race,https://www.theguardian.com/us-news/2020/feb/11/andrew-yang-drops-out-2020-election-race-democrats-latest,2020-02-12T02:06:10Z
SpaceX successfully launches Nasa astronauts into orbit,https://www.theguardian.com/science/2020/may/30/spacex-nasa-crewed-spaceflight-launch-dragon-capsule-elon-musk-trump,2020-05-30T20:18:46Z
Want to buy shares online? Here’s how to get started,https://www.theguardian.com/money/2020/sep/12/buy-shares-online-covid-19-rules,2020-09-12T06:00:22Z
China to cut US tariffs as coronavirus risks deepen,https://www.theguardian.com/business/2020/feb/06/china-moves-to-slash-us-tariffs-as-coronavirus-risks-deepen,2020-02-06T18:23:03Z
‘This is a war’: Cuomo warns coronavirus could overwhelm New York healthcare,https://www.theguardian.com/world/2020/mar/19/coronavirus-new-york-cuomo-healthcare-overwhelmed-please,2020-03-19T15:06:15Z
Global report: Anthony Fauci and two other White House Covid-19 taskforce members to self-quarantine,https://www.theguardian.com/world/2020/may/10/global-report-anthony-fauci-and-two-other-white-house-covid-19-taskforce-members-to-self-quarantine,2020-05-10T03:57:37Z
"Doctor Who recap: series 38, episode three – Orphan 55",https://www.theguardian.com/tv-and-radio/2020/jan/12/doctor-who-recap-series-38-episode-three-orphan-55,2020-01-12T20:00:44Z
Markets strengthen amid economic recovery hopes - as it happened,https://www.theguardian.com/business/live/2020/jul/13/markets-strengthen-economic-recovery-hopes-covid-19-ftse-dow-dax-gold-business-live,2020-07-13T15:49:11Z
Björk: where to start in her back catalogue,https://www.theguardian.com/music/2020/apr/07/bjork-listeners-digest-where-to-start-back-catalogue,2020-04-07T13:30:02Z
"Bernie Sanders 'must reconsider' Joe Rogan endorsement, says LGBTQ group",https://www.theguardian.com/us-news/2020/jan/24/bernie-sanders-joe-rogan-human-rights-campaign,2020-01-24T23:24:55Z
First Thing: Is the US holding up the search for a coronavirus vaccine?,https://www.theguardian.com/us-news/2020/may/12/first-thing-is-america-holding-up-the-search-for-a-coronavirus-vaccine,2020-05-12T10:03:05Z
Wednesday briefing: Experts 'expect more Leicesters',https://www.theguardian.com/world/2020/jul/01/wednesday-briefing-experts-expect-more-leicesters,2020-07-01T05:18:12Z
How SUVs conquered the world – at the expense of its climate,https://www.theguardian.com/us-news/2020/sep/01/suv-conquered-america-climate-change-emissions,2020-09-01T07:00:29Z
Ferrero CEO's £542m dividend under fire over firm's tax liability,https://www.theguardian.com/money/2020/jan/24/ferrero-scions-542m-dividend-under-fire-over-firms-tax-liability,2020-01-24T15:08:39Z
"Morning mail: China tensions mount, Frydenberg tests negative, Bruce Pascoe's harvest",https://www.theguardian.com/australia-news/2020/may/13/morning-mail-china-tensions-mounts-frydenberg-tests-negative-bruce-pascoes-harvest,2020-05-12T21:10:43Z
Is this the worst time ever to invest?,https://www.theguardian.com/money/2020/jan/11/invest-shares-bonds-property,2020-01-11T07:00:03Z
Grimes: Miss Anthropocene review – a toxicity report on modern celebrity,https://www.theguardian.com/music/2020/feb/20/grimes-miss-anthropocene-review-4ad,2020-02-20T12:00:24Z
Coronavirus deaths leap in China as countries struggle to evacuate citizens,https://www.theguardian.com/world/2020/jan/30/coronavirus-deaths-leap-in-china-as-countries-struggle-to-evacuate-citizens,2020-01-30T18:35:23Z
"Lemon juice, legumes and local activism: what green habits have you adopted in 2020?",https://www.theguardian.com/environment/2020/oct/11/lemon-juice-legumes-and-local-activism-what-green-habits-have-you-adopted-in-2020,2020-10-11T19:16:45Z
Electric cars have few downsides except price. One company is looking to change that,https://www.theguardian.com/australia-news/2020/jul/30/electric-cars-green-recovery-price-second-hand-bulk-buy,2020-07-29T17:30:06Z
Pound slides as UK economy shrinks in November – as it happened,https://www.theguardian.com/business/live/2020/jan/13/flybe-rescue-talks-uk-government-gdp-growth-brexit-business-live,2020-01-13T17:17:46Z
"Focus on coronavirus shows need for climate law, says EU official",https://www.theguardian.com/environment/2020/mar/04/focus-coronavirus-shows-need-climate-law-says-eu-official-frans-timmermans,2020-03-04T14:02:37Z
"For our overhyped, overvalued tech startups, soon the reckoning will come | Josie Cox",https://www.theguardian.com/commentisfree/2020/mar/03/overhyped-overvalued-tech-startups,2020-03-03T06:30:05Z
Coronavirus causes ‘upheaval and uncertainty’ for toy manufacturers,https://www.theguardian.com/world/2020/feb/29/coronavirus-chinese-vendors-supply-chains-toy-manufacturers,2020-02-29T10:00:42Z
China reports possible new wave of Covid-19 cases; Greece extends migrant camp lockdown – as it happened,https://www.theguardian.com/world/live/2020/may/10/coronavirus-live-news-obama-trumps-covid-19--chaotic-as-global-cases-pass-4-million-mexico-russia-germany-south-korea-deaths-,2020-05-11T00:05:06Z
The Paris agreement five years on: is it strong enough to avert climate catastrophe?,https://www.theguardian.com/environment/2020/dec/08/the-paris-agreement-five-years-on-is-it-strong-enough-to-avert-climate-catastrophe,2020-12-08T07:00:01Z
"Hotel thieves aren’t stealing toiletries – but framed art, TVs, a fireplace",https://www.theguardian.com/us-news/2020/mar/23/things-people-steal-from-hotels-why,2020-03-23T14:31:07Z
Coronavirus US live: Trump abruptly leaves press conference after clash with reporters – as it happened,https://www.theguardian.com/us-news/live/2020/may/11/coronavirus-us-donald-trump-pence-fauci-isolation-cuomo-latest-news-updates,2020-05-12T00:30:31Z
"US briefing: California stays home, Italy deaths surpass China and Tulsi out",https://www.theguardian.com/us-news/2020/mar/20/us-briefing-california-stays-home-italy-coronavirus-deaths-surpass-china-and-tulsi-out,2020-03-20T12:38:18Z
James Murdoch's climate stance distances him from family empire,https://www.theguardian.com/media/2020/jan/15/james-murdoch-climate-crisis-stance-distances-him-from-family-empire,2020-01-15T19:36:48Z
Can a hydrogen  boom fuel a green recovery for Britain?,https://www.theguardian.com/environment/2020/jul/19/can-a-hydrogen-boom-fuel-a-green-recovery-for-britain,2020-07-19T07:07:43Z
Lee Ryan takes over the world – is this the future of post-pandemic celebrity?,https://www.theguardian.com/lifeandstyle/lostinshowbiz/2020/apr/02/lee-ryan-takes-over-the-world-is-this-the-future-of-post-pandemic-celebrity,2020-04-02T16:57:53Z
"As they split from John Lewis, Ocado’s bosses are never knowingly underpaid",https://www.theguardian.com/business/2020/feb/16/directors-bonuses-ocado-waitrose-marks-and-spencer,2020-02-16T07:00:23Z
$1tn is just the start: why tech giants could double their market valuations,https://www.theguardian.com/technology/2020/jan/18/1-trillion-dollars-just-the-start-alphabet-google-tech-giants-double-market-valuation,2020-01-18T16:00:32Z
Stocks bounce as UK awaits signs of border reopening with France – as it happened,https://www.theguardian.com/business/live/2020/dec/22/pound-stock-oil-slips-uk-battles-to-reopen-borders-covid-coronavirus-gdp-economy-covid-business-live,2020-12-22T15:03:27Z
"Trump vaunts his China trade pact – but some say it’s too little, too late",https://www.theguardian.com/business/2020/jan/11/china-us-trade-deal-trump-economy-export-tariffs,2020-01-11T16:14:00Z
From Memento to Interstellar: our writers pick their favourite Christopher Nolan films,https://www.theguardian.com/film/2020/aug/27/from-memento-to-interstellar-our-writers-pick-their-favourite-christopher-nolan-films,2020-08-27T06:24:45Z
What does fashion’s top trend-spotter think we’ll be wearing in the 2020s?,https://www.theguardian.com/fashion/2020/jan/08/fashion-top-trend-setter-li-edelkoort-futurologist-perfect-clothes-2020s,2020-01-08T08:00:22Z
UK car sales weakest since 1971; US service sector strengthens - as it happened,https://www.theguardian.com/business/live/2020/jul/06/uk-car-sales-fall-uk-economy-construction-retail-sales-business-live,2020-07-06T14:55:39Z
Thursday briefing: Panic in Wuhan as city is locked down,https://www.theguardian.com/world/2020/jan/23/thursday-briefing-panic-in-wuhan-as-city-is-locked-down,2020-01-23T06:30:45Z
UK grocery sales hit record; Brexit and Covid-19 weigh on markets – as it happened,https://www.theguardian.com/business/live/2020/dec/08/markets-brexit-covid-19-fears-pound-ftse-confidence-stimulus-business-live,2020-12-08T15:55:14Z
Wednesday briefing: Ripping end to State of the Union,https://www.theguardian.com/world/2020/feb/05/wednesday-briefing-ripping-end-to-state-of-the-union,2020-02-05T06:28:40Z
Musical notes: how male pop stars are making love songs all about them,https://www.theguardian.com/music/2020/mar/11/musical-notes-how-male-pop-stars-are-making-love-songs-all-about-them,2020-03-11T18:07:42Z
Serbia 1-1 Scotland (4-5 pens): Scotland seal dramatic Euro 2020 place – as it happened,https://www.theguardian.com/football/live/2020/nov/12/serbia-v-scotland-euro-2020-play-off-live,2020-11-12T22:52:48Z
What are deepfakes – and how can you spot them?,https://www.theguardian.com/technology/2020/jan/13/what-are-deepfakes-and-how-can-you-spot-them,2020-01-13T10:00:02Z
Four astronauts on way to International Space Station – as it happened,https://www.theguardian.com/science/live/2020/nov/16/spacex-nasa-launch-live-updates-news-what-time-tonight-today-crew-astronauts-tv-coverage-livestream,2020-11-16T05:46:42Z
Markets lifted by deal-making frenzy - as it happened,https://www.theguardian.com/business/live/2020/sep/14/markets-deal-making-frenzy-arm-nvidia-tiktok-oracle-gilead-immunomedics-business-live,2020-09-14T16:11:00Z
FTSE 100 hits nine-month high; US job creation slows sharply – as it happened,https://www.theguardian.com/business/live/2020/dec/04/ftse-100-hits-nine-month-high-stimulus-opec-deal-us-jobs-brexit-business-live,2020-12-04T16:56:46Z
US economy added 1.4m jobs in August as recovery slowed – as it happened,https://www.theguardian.com/business/live/2020/sep/04/stock-markets-covid-19-us-tech-selloff-non-farm-payrolls-jobs-report-car-sales-dollar-ftse-100-dow-business-live,2020-09-04T14:12:40Z
"Trump says distancing guidelines will 'fade out' as US deaths pass 60,000 – as it happened",https://www.theguardian.com/world/live/2020/apr/29/coronavirus-us-economy-covid-19-donald-trump-live,2020-04-30T00:23:57Z
"Republican stimulus package proposes up to $1,200 for individuals – as it happened",https://www.theguardian.com/us-news/live/2020/mar/19/coronavirus-us-trump-democrats-pelosi-politics-latest,2020-03-20T00:21:50Z
Bank of England leaves rates on hold; US jobless claims dip – as it happened,https://www.theguardian.com/business/live/2020/sep/17/market-bank-of-england-interest-rates-us-economy-jobless-claims-fed-business-live,2020-09-17T15:50:55Z
Shares and oil prices jump after Chinese report of coronavirus treatment – as it happened,https://www.theguardian.com/business/live/2020/feb/05/companies-count-mounting-costs-coronavirus-outbreak-sterling-ftse-brexit-uk-economy-services-pmibusiness-live,2020-02-05T15:02:29Z
US trade deficit hits three-year low; Rolls-Royce record sales - as it happened,https://www.theguardian.com/business/live/2020/jan/07/rolls-royce-record-sales-aston-martin-profits-warning-business-live,2020-01-07T18:19:47Z
"Virgin Atlantic to cut 3,150 jobs; UK car sales tumble - as it happened",https://www.theguardian.com/business/live/2020/may/05/uk-car-sales-tumble-services-pmi-recession-covid-19-business-live,2020-05-05T16:05:40Z
US jobless claims jump; UK factories suffer record slump - as it happened,https://www.theguardian.com/business/live/2020/jul/23/us-china-tensions-markets-covid-19-economic-costs-uk-us-business-live,2020-07-23T16:38:08Z
WHO hopes crisis can be over within two years; Italy records biggest daily infection rise since May – as it happened,https://www.theguardian.com/world/live/2020/aug/21/coronavirus-live-news-latin-america-deaths-near-250000-russia-to-start-mass-vaccine-trials,2020-08-21T23:36:59Z
Coronavirus US live: Georgia Senate candidate awaiting Covid-19 results after wife tests positive – as it happened,https://www.theguardian.com/world/live/2020/jul/25/coronavirus-us-trump-fauci-sinclair-tv-portland-protests-live-updates,2020-07-25T21:32:24Z
Davos 2020: Greta Thunberg vs Mnuchin; Coronavirus fears; Soros's $1bn university - Day Three as it happened,https://www.theguardian.com/business/live/2020/jan/23/davos-2020-javid-merkel-soros-us-brexit-trump-trade-wef-business-live,2020-01-24T07:40:57Z
"Bild, Merkel and the culture wars: the inside story of Germany’s biggest tabloid",https://www.theguardian.com/world/2020/jul/16/bild-zeitung-tabloid-julian-reichelt-angela-merkel-germany,2020-07-16T05:00:23Z
Federal Reserve calls coronavirus 'very serious issue' as it holds US interest rates - as it happened,https://www.theguardian.com/business/live/2020/jan/29/hong-kong-stocks-slump-apple-house-prices-federal-reserve-rates-business-live,2020-01-29T20:27:39Z
Hopes for V-shaped recovery fade as UK economy grows 1.8% in May - as it happened,https://www.theguardian.com/business/live/2020/jul/14/uk-economy-gdp-growth-may-covid-19-markets-ftse-business-live,2020-07-14T16:22:36Z
Meet the Hollywood super-networkers working to beat Trump at any price,https://www.theguardian.com/us-news/2020/mar/03/meet-the-hollywood-super-networkers-working-to-beat-trump-at-any-price,2020-03-03T09:47:09Z
AstraZeneca deal boosts potential Covid-19 vaccine supply to 2bn doses  – as it happened,https://www.theguardian.com/business/live/2020/jun/04/covid-19-uk-car-sales-aston-martin-lookers-ecb-christine-lagarde-interest-rate-sterling-dollar-euro-business-live,2020-06-04T17:18:01Z
Joe Biden in Kenosha after talking to Jacob Blake and meeting his family – as it happened,https://www.theguardian.com/us-news/live/2020/sep/03/trump-news-today-joe-biden-kenosha-visit-latest-live-election-updates,2020-09-04T00:06:44Z
Bank of England says workers can't all return to the office now; house prices hit record – as it happened,https://www.theguardian.com/business/live/2020/sep/02/uk-house-prices-jump-covid-19-unemployment-bank-of-england-stock-market-business-live,2020-09-02T18:08:16Z
"Trump claims victory as US nears 130,000 Covid-19 deaths – as it happened",https://www.theguardian.com/world/live/2020/jul/05/donald-trump-coronavirus-testing-fauci-fourth-july-kanye-west-protests-latest-news-live-updates,2020-07-05T21:28:34Z
"Worldwide Covid-19 deaths pass 290,000 – as it happened",https://www.theguardian.com/world/live/2020/may/12/coronavirus-live-news-donald-trump-covid-19-lockdowns-who-russia-deaths-restrictions,2020-05-12T23:33:59Z
"Coronavirus US live: Trump pushes conspiracy theory and mask politics as death toll approaches 100,000 – as it happened",https://www.theguardian.com/world/live/2020/may/26/coronavirus-us-live-trump-biden-mask-deaths-100000-latest-news-updates,2020-05-26T23:56:00Z
Austria to mass-test population – as it happened,https://www.theguardian.com/world/live/2020/nov/15/coronavirus-live-news-us-confirms-177000-daily-cases-as-victoria-marks-16-days-with-no-infections,2020-11-15T23:47:22Z
WHO conditionally backs Covid-19 vaccine trials that infect people – as it happened,https://www.theguardian.com/world/live/2020/may/08/coronavirus-live-news-trump-cdc-guidance-russia-germany-france-brazil-who-190000-could-die-in-africa,2020-05-09T00:45:37Z
Pete Buttigieg endorses Joe Biden at Dallas rally – as it happened,https://www.theguardian.com/us-news/live/2020/mar/02/pete-buttigieg-joe-biden-mike-bloomberg-bernie-sanders-super-tuesday-live-updates,2020-03-03T03:03:17Z
'This is not a third Obama term': Biden sits for his first post-election interview - as it happened,https://www.theguardian.com/us-news/live/2020/nov/24/us-election-donald-trump-joe-biden-coronavirus-covid-19-live-updates,2020-11-25T02:04:44Z
"Record rise in Italy Covid-19 death toll, Irish PM says stay home for two weeks – as it happened",https://www.theguardian.com/world/live/2020/mar/27/coronavirus-live-news-update-us-infections-outnumber-china-uk-deaths-europe-global-cases-number-500000-latest-updates,2020-03-28T00:15:20Z
Putin to ease Russia lockdown despite record number of new infections – as it happened,https://www.theguardian.com/world/live/2020/may/11/coronavirus-live-news-white-house-task-force-hit-by-infection-us-usa-vp-mike-pence-donald-trump-boris-johnsons-uk-lockdown-plans-criticised,2020-05-11T23:33:26Z
Coronavirus: IMF agrees assistance package for Egypt – as it happened,https://www.theguardian.com/world/live/2020/jun/05/coronavirus-live-news-south-africa-sees-record-jump-in-cases-as-new-york-protestors-urged-to-get-tested,2020-06-05T23:40:51Z
"Coronavirus as it happened: global cases top quarter of a million, as Italy sees biggest daily rise in deaths",https://www.theguardian.com/world/live/2020/mar/20/coronavirus-live-updates-outbreak-deaths-italy-uk-us-australia-europe-vaccine-china-global-economy-toll-latest-update-news,2020-03-21T00:07:59Z
"Covid-19 outbreak like a nuclear explosion, says archbishop of Canterbury – as it happened",https://www.theguardian.com/world/live/2020/mar/18/coronavirus-live-news-updates-outbreak-us-states-uk-australia-europe-eu-self-isolation-lockdown-latest-update,2020-03-19T00:35:46Z
